<?xml version='1.0' encoding='UTF-8' standalone='no'?>
<doxygen xmlns:xsi="http://www.w3.org/2001/XMLSchema-instance" xsi:noNamespaceSchemaLocation="compound.xsd" version="1.8.14">
  <compounddef id="c__standard__headers__indexer_8c" kind="file" language="C++">
    <compoundname>c_standard_headers_indexer.c</compoundname>
    <includes local="no">assert.h</includes>
    <includes local="no">ctype.h</includes>
    <includes local="no">errno.h</includes>
    <includes local="no">float.h</includes>
    <includes local="no">limits.h</includes>
    <includes local="no">locale.h</includes>
    <includes local="no">math.h</includes>
    <includes local="no">setjmp.h</includes>
    <includes local="no">signal.h</includes>
    <includes local="no">stdarg.h</includes>
    <includes local="no">stddef.h</includes>
    <includes local="no">stdio.h</includes>
    <includes local="no">string.h</includes>
    <includes local="no">stdlib.h</includes>
    <includes local="no">time.h</includes>
    <includes local="no">iso646.h</includes>
    <includes local="no">wchar.h</includes>
    <includes local="no">wctype.h</includes>
    <incdepgraph>
      <node id="35">
        <label>stdarg.h</label>
      </node>
      <node id="26">
        <label>assert.h</label>
      </node>
      <node id="29">
        <label>float.h</label>
      </node>
      <node id="43">
        <label>wctype.h</label>
      </node>
      <node id="39">
        <label>stdlib.h</label>
      </node>
      <node id="33">
        <label>setjmp.h</label>
      </node>
      <node id="28">
        <label>errno.h</label>
      </node>
      <node id="41">
        <label>iso646.h</label>
      </node>
      <node id="36">
        <label>stddef.h</label>
      </node>
      <node id="30">
        <label>limits.h</label>
      </node>
      <node id="42">
        <label>wchar.h</label>
      </node>
      <node id="38">
        <label>string.h</label>
      </node>
      <node id="34">
        <label>signal.h</label>
      </node>
      <node id="40">
        <label>time.h</label>
      </node>
      <node id="32">
        <label>math.h</label>
      </node>
      <node id="27">
        <label>ctype.h</label>
      </node>
      <node id="37">
        <label>stdio.h</label>
      </node>
      <node id="31">
        <label>locale.h</label>
      </node>
      <node id="25">
        <label>nbproject/private/c_standard_headers_indexer.c</label>
        <link refid="c__standard__headers__indexer_8c"/>
        <childnode refid="26" relation="include">
        </childnode>
        <childnode refid="27" relation="include">
        </childnode>
        <childnode refid="28" relation="include">
        </childnode>
        <childnode refid="29" relation="include">
        </childnode>
        <childnode refid="30" relation="include">
        </childnode>
        <childnode refid="31" relation="include">
        </childnode>
        <childnode refid="32" relation="include">
        </childnode>
        <childnode refid="33" relation="include">
        </childnode>
        <childnode refid="34" relation="include">
        </childnode>
        <childnode refid="35" relation="include">
        </childnode>
        <childnode refid="36" relation="include">
        </childnode>
        <childnode refid="37" relation="include">
        </childnode>
        <childnode refid="38" relation="include">
        </childnode>
        <childnode refid="39" relation="include">
        </childnode>
        <childnode refid="40" relation="include">
        </childnode>
        <childnode refid="41" relation="include">
        </childnode>
        <childnode refid="42" relation="include">
        </childnode>
        <childnode refid="43" relation="include">
        </childnode>
      </node>
    </incdepgraph>
    <briefdescription>
    </briefdescription>
    <detaileddescription>
    </detaileddescription>
    <programlisting>
<codeline lineno="1"><highlight class="comment">/*</highlight></codeline>
<codeline lineno="2"><highlight class="comment"><sp/>*<sp/>DO<sp/>NOT<sp/>ALTER<sp/>OR<sp/>REMOVE<sp/>COPYRIGHT<sp/>NOTICES<sp/>OR<sp/>THIS<sp/>HEADER.</highlight></codeline>
<codeline lineno="3"><highlight class="comment"><sp/>*</highlight></codeline>
<codeline lineno="4"><highlight class="comment"><sp/>*<sp/>Copyright<sp/>(c)<sp/>2016<sp/>Oracle<sp/>and/or<sp/>its<sp/>affiliates.<sp/>All<sp/>rights<sp/>reserved.</highlight></codeline>
<codeline lineno="5"><highlight class="comment"><sp/>*</highlight></codeline>
<codeline lineno="6"><highlight class="comment"><sp/>*<sp/>Oracle<sp/>and<sp/>Java<sp/>are<sp/>registered<sp/>trademarks<sp/>of<sp/>Oracle<sp/>and/or<sp/>its<sp/>affiliates.</highlight></codeline>
<codeline lineno="7"><highlight class="comment"><sp/>*<sp/>Other<sp/>names<sp/>may<sp/>be<sp/>trademarks<sp/>of<sp/>their<sp/>respective<sp/>owners.</highlight></codeline>
<codeline lineno="8"><highlight class="comment"><sp/>*</highlight></codeline>
<codeline lineno="9"><highlight class="comment"><sp/>*<sp/>The<sp/>contents<sp/>of<sp/>this<sp/>file<sp/>are<sp/>subject<sp/>to<sp/>the<sp/>terms<sp/>of<sp/>either<sp/>the<sp/>GNU</highlight></codeline>
<codeline lineno="10"><highlight class="comment"><sp/>*<sp/>General<sp/>Public<sp/>License<sp/>Version<sp/>2<sp/>only<sp/>(&quot;GPL&quot;)<sp/>or<sp/>the<sp/>Common</highlight></codeline>
<codeline lineno="11"><highlight class="comment"><sp/>*<sp/>Development<sp/>and<sp/>Distribution<sp/>License(&quot;CDDL&quot;)<sp/>(collectively,<sp/>the</highlight></codeline>
<codeline lineno="12"><highlight class="comment"><sp/>*<sp/>&quot;License&quot;).<sp/>You<sp/>may<sp/>not<sp/>use<sp/>this<sp/>file<sp/>except<sp/>in<sp/>compliance<sp/>with<sp/>the</highlight></codeline>
<codeline lineno="13"><highlight class="comment"><sp/>*<sp/>License.<sp/>You<sp/>can<sp/>obtain<sp/>a<sp/>copy<sp/>of<sp/>the<sp/>License<sp/>at</highlight></codeline>
<codeline lineno="14"><highlight class="comment"><sp/>*<sp/>http://www.netbeans.org/cddl-gplv2.html</highlight></codeline>
<codeline lineno="15"><highlight class="comment"><sp/>*<sp/>or<sp/>nbbuild/licenses/CDDL-GPL-2-CP.<sp/>See<sp/>the<sp/>License<sp/>for<sp/>the</highlight></codeline>
<codeline lineno="16"><highlight class="comment"><sp/>*<sp/>specific<sp/>language<sp/>governing<sp/>permissions<sp/>and<sp/>limitations<sp/>under<sp/>the</highlight></codeline>
<codeline lineno="17"><highlight class="comment"><sp/>*<sp/>License.<sp/><sp/>When<sp/>distributing<sp/>the<sp/>software,<sp/>include<sp/>this<sp/>License<sp/>Header</highlight></codeline>
<codeline lineno="18"><highlight class="comment"><sp/>*<sp/>Notice<sp/>in<sp/>each<sp/>file<sp/>and<sp/>include<sp/>the<sp/>License<sp/>file<sp/>at</highlight></codeline>
<codeline lineno="19"><highlight class="comment"><sp/>*<sp/>nbbuild/licenses/CDDL-GPL-2-CP.<sp/><sp/>Oracle<sp/>designates<sp/>this</highlight></codeline>
<codeline lineno="20"><highlight class="comment"><sp/>*<sp/>particular<sp/>file<sp/>as<sp/>subject<sp/>to<sp/>the<sp/>&quot;Classpath&quot;<sp/>exception<sp/>as<sp/>provided</highlight></codeline>
<codeline lineno="21"><highlight class="comment"><sp/>*<sp/>by<sp/>Oracle<sp/>in<sp/>the<sp/>GPL<sp/>Version<sp/>2<sp/>section<sp/>of<sp/>the<sp/>License<sp/>file<sp/>that</highlight></codeline>
<codeline lineno="22"><highlight class="comment"><sp/>*<sp/>accompanied<sp/>this<sp/>code.<sp/>If<sp/>applicable,<sp/>add<sp/>the<sp/>following<sp/>below<sp/>the</highlight></codeline>
<codeline lineno="23"><highlight class="comment"><sp/>*<sp/>License<sp/>Header,<sp/>with<sp/>the<sp/>fields<sp/>enclosed<sp/>by<sp/>brackets<sp/>[]<sp/>replaced<sp/>by</highlight></codeline>
<codeline lineno="24"><highlight class="comment"><sp/>*<sp/>your<sp/>own<sp/>identifying<sp/>information:</highlight></codeline>
<codeline lineno="25"><highlight class="comment"><sp/>*<sp/>&quot;Portions<sp/>Copyrighted<sp/>[year]<sp/>[name<sp/>of<sp/>copyright<sp/>owner]&quot;</highlight></codeline>
<codeline lineno="26"><highlight class="comment"><sp/>*</highlight></codeline>
<codeline lineno="27"><highlight class="comment"><sp/>*<sp/>If<sp/>you<sp/>wish<sp/>your<sp/>version<sp/>of<sp/>this<sp/>file<sp/>to<sp/>be<sp/>governed<sp/>by<sp/>only<sp/>the<sp/>CDDL</highlight></codeline>
<codeline lineno="28"><highlight class="comment"><sp/>*<sp/>or<sp/>only<sp/>the<sp/>GPL<sp/>Version<sp/>2,<sp/>indicate<sp/>your<sp/>decision<sp/>by<sp/>adding</highlight></codeline>
<codeline lineno="29"><highlight class="comment"><sp/>*<sp/>&quot;[Contributor]<sp/>elects<sp/>to<sp/>include<sp/>this<sp/>software<sp/>in<sp/>this<sp/>distribution</highlight></codeline>
<codeline lineno="30"><highlight class="comment"><sp/>*<sp/>under<sp/>the<sp/>[CDDL<sp/>or<sp/>GPL<sp/>Version<sp/>2]<sp/>license.&quot;<sp/>If<sp/>you<sp/>do<sp/>not<sp/>indicate<sp/>a</highlight></codeline>
<codeline lineno="31"><highlight class="comment"><sp/>*<sp/>single<sp/>choice<sp/>of<sp/>license,<sp/>a<sp/>recipient<sp/>has<sp/>the<sp/>option<sp/>to<sp/>distribute</highlight></codeline>
<codeline lineno="32"><highlight class="comment"><sp/>*<sp/>your<sp/>version<sp/>of<sp/>this<sp/>file<sp/>under<sp/>either<sp/>the<sp/>CDDL,<sp/>the<sp/>GPL<sp/>Version<sp/>2<sp/>or</highlight></codeline>
<codeline lineno="33"><highlight class="comment"><sp/>*<sp/>to<sp/>extend<sp/>the<sp/>choice<sp/>of<sp/>license<sp/>to<sp/>its<sp/>licensees<sp/>as<sp/>provided<sp/>above.</highlight></codeline>
<codeline lineno="34"><highlight class="comment"><sp/>*<sp/>However,<sp/>if<sp/>you<sp/>add<sp/>GPL<sp/>Version<sp/>2<sp/>code<sp/>and<sp/>therefore,<sp/>elected<sp/>the<sp/>GPL</highlight></codeline>
<codeline lineno="35"><highlight class="comment"><sp/>*<sp/>Version<sp/>2<sp/>license,<sp/>then<sp/>the<sp/>option<sp/>applies<sp/>only<sp/>if<sp/>the<sp/>new<sp/>code<sp/>is</highlight></codeline>
<codeline lineno="36"><highlight class="comment"><sp/>*<sp/>made<sp/>subject<sp/>to<sp/>such<sp/>option<sp/>by<sp/>the<sp/>copyright<sp/>holder.</highlight></codeline>
<codeline lineno="37"><highlight class="comment"><sp/>*</highlight></codeline>
<codeline lineno="38"><highlight class="comment"><sp/>*<sp/>Contributor(s):</highlight></codeline>
<codeline lineno="39"><highlight class="comment"><sp/>*/</highlight><highlight class="normal"></highlight></codeline>
<codeline lineno="40"><highlight class="normal"></highlight></codeline>
<codeline lineno="41"><highlight class="normal"></highlight><highlight class="comment">//<sp/>List<sp/>of<sp/>standard<sp/>headers<sp/>was<sp/>taken<sp/>in<sp/>http://en.cppreference.com/w/c/header</highlight><highlight class="normal"></highlight></codeline>
<codeline lineno="42"><highlight class="normal"></highlight></codeline>
<codeline lineno="43"><highlight class="normal"></highlight><highlight class="preprocessor">#include<sp/>&lt;assert.h&gt;</highlight><highlight class="normal"><sp/><sp/><sp/><sp/><sp/><sp/></highlight><highlight class="comment">//<sp/>Conditionally<sp/>compiled<sp/>macro<sp/>that<sp/>compares<sp/>its<sp/>argument<sp/>to<sp/>zero</highlight><highlight class="normal"></highlight></codeline>
<codeline lineno="44"><highlight class="normal"></highlight><highlight class="preprocessor">#include<sp/>&lt;ctype.h&gt;</highlight><highlight class="normal"><sp/><sp/><sp/></highlight><highlight class="comment">//<sp/>Functions<sp/>to<sp/>determine<sp/>the<sp/>type<sp/>contained<sp/>in<sp/>character<sp/>data</highlight><highlight class="normal"></highlight></codeline>
<codeline lineno="45"><highlight class="normal"></highlight><highlight class="preprocessor">#include<sp/>&lt;errno.h&gt;</highlight><highlight class="normal"><sp/><sp/><sp/></highlight><highlight class="comment">//<sp/>Macros<sp/>reporting<sp/>error<sp/>conditions</highlight><highlight class="normal"></highlight></codeline>
<codeline lineno="46"><highlight class="normal"></highlight><highlight class="preprocessor">#include<sp/>&lt;float.h&gt;</highlight><highlight class="normal"><sp/><sp/><sp/></highlight><highlight class="comment">//<sp/>Limits<sp/>of<sp/>float<sp/>types</highlight><highlight class="normal"></highlight></codeline>
<codeline lineno="47"><highlight class="normal"></highlight><highlight class="preprocessor">#include<sp/>&lt;limits.h&gt;</highlight><highlight class="normal"><sp/><sp/><sp/><sp/><sp/><sp/></highlight><highlight class="comment">//<sp/>Sizes<sp/>of<sp/>basic<sp/>types</highlight><highlight class="normal"></highlight></codeline>
<codeline lineno="48"><highlight class="normal"></highlight><highlight class="preprocessor">#include<sp/>&lt;locale.h&gt;</highlight><highlight class="normal"><sp/><sp/><sp/><sp/><sp/><sp/></highlight><highlight class="comment">//<sp/>Localization<sp/>utilities</highlight><highlight class="normal"></highlight></codeline>
<codeline lineno="49"><highlight class="normal"></highlight><highlight class="preprocessor">#include<sp/>&lt;math.h&gt;</highlight><highlight class="normal"><sp/><sp/><sp/><sp/></highlight><highlight class="comment">//<sp/>Common<sp/>mathematics<sp/>functions</highlight><highlight class="normal"></highlight></codeline>
<codeline lineno="50"><highlight class="normal"></highlight><highlight class="preprocessor">#include<sp/>&lt;setjmp.h&gt;</highlight><highlight class="normal"><sp/><sp/><sp/><sp/><sp/><sp/></highlight><highlight class="comment">//<sp/>Nonlocal<sp/>jumps</highlight><highlight class="normal"></highlight></codeline>
<codeline lineno="51"><highlight class="normal"></highlight><highlight class="preprocessor">#include<sp/>&lt;signal.h&gt;</highlight><highlight class="normal"><sp/><sp/><sp/><sp/><sp/><sp/></highlight><highlight class="comment">//<sp/>Signal<sp/>handling</highlight><highlight class="normal"></highlight></codeline>
<codeline lineno="52"><highlight class="normal"></highlight><highlight class="preprocessor">#include<sp/>&lt;stdarg.h&gt;</highlight><highlight class="normal"><sp/><sp/><sp/><sp/><sp/><sp/></highlight><highlight class="comment">//<sp/>Variable<sp/>arguments</highlight><highlight class="normal"></highlight></codeline>
<codeline lineno="53"><highlight class="normal"></highlight><highlight class="preprocessor">#include<sp/>&lt;stddef.h&gt;</highlight><highlight class="normal"><sp/><sp/><sp/><sp/><sp/><sp/></highlight><highlight class="comment">//<sp/>Common<sp/>macro<sp/>definitions</highlight><highlight class="normal"></highlight></codeline>
<codeline lineno="54"><highlight class="normal"></highlight><highlight class="preprocessor">#include<sp/>&lt;stdio.h&gt;</highlight><highlight class="normal"><sp/><sp/><sp/></highlight><highlight class="comment">//<sp/>Input/output</highlight><highlight class="normal"></highlight></codeline>
<codeline lineno="55"><highlight class="normal"></highlight><highlight class="preprocessor">#include<sp/>&lt;string.h&gt;</highlight><highlight class="normal"><sp/><sp/><sp/><sp/><sp/><sp/></highlight><highlight class="comment">//<sp/>String<sp/>handling</highlight><highlight class="normal"></highlight></codeline>
<codeline lineno="56"><highlight class="normal"></highlight><highlight class="preprocessor">#include<sp/>&lt;stdlib.h&gt;</highlight><highlight class="normal"><sp/><sp/><sp/><sp/><sp/><sp/></highlight><highlight class="comment">//<sp/>General<sp/>utilities:<sp/>memory<sp/>management,<sp/>program<sp/>utilities,<sp/>string<sp/>conversions,<sp/>random<sp/>numbers</highlight><highlight class="normal"></highlight></codeline>
<codeline lineno="57"><highlight class="normal"></highlight><highlight class="preprocessor">#include<sp/>&lt;time.h&gt;</highlight><highlight class="normal"><sp/><sp/><sp/><sp/></highlight><highlight class="comment">//<sp/>Time/date<sp/>utilities</highlight><highlight class="normal"></highlight></codeline>
<codeline lineno="58"><highlight class="normal"></highlight><highlight class="preprocessor">#include<sp/>&lt;iso646.h&gt;</highlight><highlight class="normal"><sp/><sp/><sp/><sp/><sp/><sp/></highlight><highlight class="comment">//<sp/>(since<sp/>C95)<sp/>Alternative<sp/>operator<sp/>spellings</highlight><highlight class="normal"></highlight></codeline>
<codeline lineno="59"><highlight class="normal"></highlight><highlight class="preprocessor">#include<sp/>&lt;wchar.h&gt;</highlight><highlight class="normal"><sp/><sp/><sp/><sp/><sp/><sp/><sp/></highlight><highlight class="comment">//<sp/>(since<sp/>C95)<sp/>Extended<sp/>multibyte<sp/>and<sp/>wide<sp/>character<sp/>utilities</highlight><highlight class="normal"></highlight></codeline>
<codeline lineno="60"><highlight class="normal"></highlight><highlight class="preprocessor">#include<sp/>&lt;wctype.h&gt;</highlight><highlight class="normal"><sp/><sp/><sp/><sp/><sp/><sp/></highlight><highlight class="comment">//<sp/>(since<sp/>C95)<sp/>Wide<sp/>character<sp/>classification<sp/>and<sp/>mapping<sp/>utilities</highlight><highlight class="normal"></highlight></codeline>
<codeline lineno="61"><highlight class="normal"></highlight><highlight class="preprocessor">#ifdef<sp/>_STDC_C99</highlight><highlight class="normal"></highlight></codeline>
<codeline lineno="62"><highlight class="normal"></highlight><highlight class="preprocessor">#include<sp/>&lt;complex.h&gt;</highlight><highlight class="normal"><sp/><sp/><sp/><sp/><sp/></highlight><highlight class="comment">//<sp/>(since<sp/>C99)<sp/>Complex<sp/>number<sp/>arithmetic</highlight><highlight class="normal"></highlight></codeline>
<codeline lineno="63"><highlight class="normal"></highlight><highlight class="preprocessor">#include<sp/>&lt;fenv.h&gt;</highlight><highlight class="normal"><sp/><sp/><sp/><sp/><sp/><sp/><sp/><sp/></highlight><highlight class="comment">//<sp/>(since<sp/>C99)<sp/>Floating-point<sp/>environment</highlight><highlight class="normal"></highlight></codeline>
<codeline lineno="64"><highlight class="normal"></highlight><highlight class="preprocessor">#include<sp/>&lt;inttypes.h&gt;</highlight><highlight class="normal"><sp/><sp/><sp/><sp/></highlight><highlight class="comment">//<sp/>(since<sp/>C99)<sp/>Format<sp/>conversion<sp/>of<sp/>integer<sp/>types</highlight><highlight class="normal"></highlight></codeline>
<codeline lineno="65"><highlight class="normal"></highlight><highlight class="preprocessor">#include<sp/>&lt;stdbool.h&gt;</highlight><highlight class="normal"><sp/><sp/><sp/><sp/><sp/></highlight><highlight class="comment">//<sp/>(since<sp/>C99)<sp/>Boolean<sp/>type</highlight><highlight class="normal"></highlight></codeline>
<codeline lineno="66"><highlight class="normal"></highlight><highlight class="preprocessor">#include<sp/>&lt;stdint.h&gt;</highlight><highlight class="normal"><sp/><sp/><sp/><sp/><sp/><sp/></highlight><highlight class="comment">//<sp/>(since<sp/>C99)<sp/>Fixed-width<sp/>integer<sp/>types</highlight><highlight class="normal"></highlight></codeline>
<codeline lineno="67"><highlight class="normal"></highlight><highlight class="preprocessor">#include<sp/>&lt;tgmath.h&gt;</highlight><highlight class="normal"><sp/><sp/><sp/><sp/><sp/><sp/></highlight><highlight class="comment">//<sp/>(since<sp/>C99)<sp/>Type-generic<sp/>math<sp/>(macros<sp/>wrapping<sp/>math.h<sp/>and<sp/>complex.h)</highlight><highlight class="normal"></highlight></codeline>
<codeline lineno="68"><highlight class="normal"></highlight><highlight class="preprocessor">#endif</highlight><highlight class="normal"></highlight></codeline>
<codeline lineno="69"><highlight class="normal"></highlight><highlight class="preprocessor">#ifdef<sp/>_STDC_C11</highlight><highlight class="normal"></highlight></codeline>
<codeline lineno="70"><highlight class="normal"></highlight><highlight class="preprocessor">#include<sp/>&lt;stdalign.h&gt;</highlight><highlight class="normal"><sp/><sp/><sp/><sp/></highlight><highlight class="comment">//<sp/>(since<sp/>C11)<sp/>alignas<sp/>and<sp/>alignof<sp/>convenience<sp/>macros</highlight><highlight class="normal"></highlight></codeline>
<codeline lineno="71"><highlight class="normal"></highlight><highlight class="preprocessor">#include<sp/>&lt;stdatomic.h&gt;</highlight><highlight class="normal"><sp/><sp/><sp/></highlight><highlight class="comment">//<sp/>(since<sp/>C11)<sp/>Atomic<sp/>types</highlight><highlight class="normal"></highlight></codeline>
<codeline lineno="72"><highlight class="normal"></highlight><highlight class="preprocessor">#include<sp/>&lt;stdnoreturn.h&gt;</highlight><highlight class="normal"><sp/></highlight><highlight class="comment">//<sp/>(since<sp/>C11)<sp/>noreturn<sp/>convenience<sp/>macros</highlight><highlight class="normal"></highlight></codeline>
<codeline lineno="73"><highlight class="normal"></highlight><highlight class="preprocessor">#include<sp/>&lt;threads.h&gt;</highlight><highlight class="normal"><sp/><sp/><sp/><sp/><sp/></highlight><highlight class="comment">//<sp/>(since<sp/>C11)<sp/>Thread<sp/>library</highlight><highlight class="normal"></highlight></codeline>
<codeline lineno="74"><highlight class="normal"></highlight><highlight class="preprocessor">#include<sp/>&lt;uchar.h&gt;</highlight><highlight class="normal"><sp/><sp/><sp/><sp/><sp/><sp/><sp/></highlight><highlight class="comment">//<sp/>(since<sp/>C11)<sp/>UTF-16<sp/>and<sp/>UTF-32<sp/>character<sp/>utilities</highlight><highlight class="normal"></highlight></codeline>
<codeline lineno="75"><highlight class="normal"></highlight><highlight class="preprocessor">#endif</highlight></codeline>
    </programlisting>
    <location file="nbproject/private/c_standard_headers_indexer.c"/>
  </compounddef>
</doxygen>
