<?xml version='1.0' encoding='UTF-8' standalone='no'?>
<doxygen xmlns:xsi="http://www.w3.org/2001/XMLSchema-instance" xsi:noNamespaceSchemaLocation="compound.xsd" version="1.8.14">
  <compounddef id="dir_4fef79e7177ba769987a8da36c892c5f" kind="dir">
    <compoundname>build</compoundname>
    <innerdir refid="dir_fd7da27072e1ba382b32f9c507e53144">build/Debug</innerdir>
    <briefdescription>
    </briefdescription>
    <detaileddescription>
    </detaileddescription>
    <location file="build/"/>
  </compounddef>
</doxygen>
