<?xml version='1.0' encoding='UTF-8' standalone='no'?>
<doxygen xmlns:xsi="http://www.w3.org/2001/XMLSchema-instance" xsi:noNamespaceSchemaLocation="compound.xsd" version="1.8.14">
  <compounddef id="dir_fd7da27072e1ba382b32f9c507e53144" kind="dir">
    <compoundname>build/Debug</compoundname>
    <innerdir refid="dir_5aa0f545e3a098f50edcb27c1cb11f25">build/Debug/Cygwin-Windows</innerdir>
    <briefdescription>
    </briefdescription>
    <detaileddescription>
    </detaileddescription>
    <location file="build/Debug/"/>
  </compounddef>
</doxygen>
