<?xml version='1.0' encoding='UTF-8' standalone='no'?>
<doxygen xmlns:xsi="http://www.w3.org/2001/XMLSchema-instance" xsi:noNamespaceSchemaLocation="compound.xsd" version="1.8.14">
  <compounddef id="dir_5aa0f545e3a098f50edcb27c1cb11f25" kind="dir">
    <compoundname>build/Debug/Cygwin-Windows</compoundname>
    <innerfile refid="main_8o_8d">main.o.d</innerfile>
    <briefdescription>
    </briefdescription>
    <detaileddescription>
    </detaileddescription>
    <location file="build/Debug/Cygwin-Windows/"/>
  </compounddef>
</doxygen>
