<?xml version='1.0' encoding='UTF-8' standalone='no'?>
<doxygen xmlns:xsi="http://www.w3.org/2001/XMLSchema-instance" xsi:noNamespaceSchemaLocation="compound.xsd" version="1.8.14">
  <compounddef id="main_8o_8d" kind="file" language="D">
    <compoundname>main.o.d</compoundname>
    <briefdescription>
    </briefdescription>
    <detaileddescription>
    </detaileddescription>
    <programlisting>
<codeline lineno="1"><highlight class="normal">build/Debug/Cygwin-Windows/<ref refid="main_8cpp_1a3c04138a5bfe5d72780bb7e82a18e627" kindref="member">main</ref>.o:<sp/><ref refid="main_8cpp_1a3c04138a5bfe5d72780bb7e82a18e627" kindref="member">main</ref>.cpp<sp/><ref refid="struct_g_states" kindref="compound">GStates</ref>.h<sp/><ref refid="struct_gme_grid" kindref="compound">GmeGrid</ref>.h<sp/><ref refid="struct_gme_stat" kindref="compound">GmeStat</ref>.h</highlight></codeline>
<codeline lineno="2"><highlight class="normal"></highlight></codeline>
<codeline lineno="3"><highlight class="normal"><ref refid="struct_g_states" kindref="compound">GStates</ref>.h:</highlight></codeline>
<codeline lineno="4"><highlight class="normal"></highlight></codeline>
<codeline lineno="5"><highlight class="normal"><ref refid="struct_gme_grid" kindref="compound">GmeGrid</ref>.h:</highlight></codeline>
<codeline lineno="6"><highlight class="normal"></highlight></codeline>
<codeline lineno="7"><highlight class="normal"><ref refid="struct_gme_stat" kindref="compound">GmeStat</ref>.h:</highlight></codeline>
    </programlisting>
    <location file="build/Debug/Cygwin-Windows/main.o.d"/>
  </compounddef>
</doxygen>
