<?xml version='1.0' encoding='UTF-8' standalone='no'?>
<doxygen xmlns:xsi="http://www.w3.org/2001/XMLSchema-instance" xsi:noNamespaceSchemaLocation="compound.xsd" version="1.8.14">
  <compounddef id="struct_gme_stat" kind="struct" language="C++" prot="public">
    <compoundname>GmeStat</compoundname>
    <includes refid="_gme_stat_8h" local="no">GmeStat.h</includes>
      <sectiondef kind="public-attrib">
      <memberdef kind="variable" id="struct_gme_stat_1a782b9fb8694aa1bbded45914c26ffcd3" prot="public" static="no" mutable="no">
        <type>unsigned int</type>
        <definition>unsigned int GmeStat::totGame</definition>
        <argsstring></argsstring>
        <name>totGame</name>
        <briefdescription>
        </briefdescription>
        <detaileddescription>
        </detaileddescription>
        <inbodydescription>
        </inbodydescription>
        <location file="GmeStat.h" line="12" column="1" bodyfile="GmeStat.h" bodystart="12" bodyend="-1"/>
      </memberdef>
      <memberdef kind="variable" id="struct_gme_stat_1ae7095273da851cc846b74d830c1d6009" prot="public" static="no" mutable="no">
        <type>unsigned int</type>
        <definition>unsigned int GmeStat::totLoss</definition>
        <argsstring></argsstring>
        <name>totLoss</name>
        <briefdescription>
        </briefdescription>
        <detaileddescription>
        </detaileddescription>
        <inbodydescription>
        </inbodydescription>
        <location file="GmeStat.h" line="13" column="1" bodyfile="GmeStat.h" bodystart="13" bodyend="-1"/>
      </memberdef>
      <memberdef kind="variable" id="struct_gme_stat_1a9c18dee97b01ea74985ca9fd5f34c573" prot="public" static="no" mutable="no">
        <type>unsigned int</type>
        <definition>unsigned int GmeStat::totWon</definition>
        <argsstring></argsstring>
        <name>totWon</name>
        <briefdescription>
        </briefdescription>
        <detaileddescription>
        </detaileddescription>
        <inbodydescription>
        </inbodydescription>
        <location file="GmeStat.h" line="14" column="1" bodyfile="GmeStat.h" bodystart="14" bodyend="-1"/>
      </memberdef>
      <memberdef kind="variable" id="struct_gme_stat_1a6d7bd3ec07c85e43f0d0d801645de16d" prot="public" static="no" mutable="no">
        <type>float</type>
        <definition>float GmeStat::pctWon</definition>
        <argsstring></argsstring>
        <name>pctWon</name>
        <briefdescription>
        </briefdescription>
        <detaileddescription>
        </detaileddescription>
        <inbodydescription>
        </inbodydescription>
        <location file="GmeStat.h" line="15" column="1" bodyfile="GmeStat.h" bodystart="15" bodyend="-1"/>
      </memberdef>
      <memberdef kind="variable" id="struct_gme_stat_1a381330d98723b7990209e8e9170b7e02" prot="public" static="no" mutable="no">
        <type>float</type>
        <definition>float GmeStat::pctLost</definition>
        <argsstring></argsstring>
        <name>pctLost</name>
        <briefdescription>
        </briefdescription>
        <detaileddescription>
        </detaileddescription>
        <inbodydescription>
        </inbodydescription>
        <location file="GmeStat.h" line="16" column="1" bodyfile="GmeStat.h" bodystart="16" bodyend="-1"/>
      </memberdef>
      </sectiondef>
    <briefdescription>
    </briefdescription>
    <detaileddescription>
    </detaileddescription>
    <location file="GmeStat.h" line="11" column="1" bodyfile="GmeStat.h" bodystart="11" bodyend="18"/>
    <listofallmembers>
      <member refid="struct_gme_stat_1a381330d98723b7990209e8e9170b7e02" prot="public" virt="non-virtual"><scope>GmeStat</scope><name>pctLost</name></member>
      <member refid="struct_gme_stat_1a6d7bd3ec07c85e43f0d0d801645de16d" prot="public" virt="non-virtual"><scope>GmeStat</scope><name>pctWon</name></member>
      <member refid="struct_gme_stat_1a782b9fb8694aa1bbded45914c26ffcd3" prot="public" virt="non-virtual"><scope>GmeStat</scope><name>totGame</name></member>
      <member refid="struct_gme_stat_1ae7095273da851cc846b74d830c1d6009" prot="public" virt="non-virtual"><scope>GmeStat</scope><name>totLoss</name></member>
      <member refid="struct_gme_stat_1a9c18dee97b01ea74985ca9fd5f34c573" prot="public" virt="non-virtual"><scope>GmeStat</scope><name>totWon</name></member>
    </listofallmembers>
  </compounddef>
</doxygen>
