<?xml version="1.0" encoding="UTF-8"?>
<project-private xmlns="http://www.netbeans.org/ns/project-private/1">
    <data xmlns="http://www.netbeans.org/ns/make-project-private/1">
        <activeConfTypeElem>1</activeConfTypeElem>
        <activeConfIndexElem>0</activeConfIndexElem>
    </data>
    <editor-bookmarks xmlns="http://www.netbeans.org/ns/editor-bookmarks/2" lastBookmarkId="0"/>
    <open-files xmlns="http://www.netbeans.org/ns/projectui-open-files/2">
        <group>
            <file>file:/C:/Users/Joel/Desktop/AvalosJoel_CSC_17A_Spring_2018.git/Proj/Project%201/BugSweeper_Proj1_v3/main.cpp</file>
            <file>file:/C:/Users/Joel/Desktop/AvalosJoel_CSC_17A_Spring_2018.git/Proj/Project%201/BugSweeper_Proj1_v3/GmeStat.h</file>
            <file>file:/C:/Users/Joel/Desktop/AvalosJoel_CSC_17A_Spring_2018.git/Proj/Project%201/BugSweeper_Proj1_v3/GmeGrid.h</file>
            <file>file:/C:/Users/Joel/Desktop/AvalosJoel_CSC_17A_Spring_2018.git/Proj/Project%201/BugSweeper_Proj1_v3/Player.h</file>
        </group>
    </open-files>
</project-private>
